"Id","X","Y"
1,-75.24610799999999,39.881265
