"Id","X","Y"
77,-75.229422877,39.9466052177
